{"test_loss": 0.3378850221633911, "test_acc": 0.8888888955116272, "test_balanced_acc": 0.8333333333333333, "test_f1_score": 0.882051282051282}